"Имя счёта";"Номер карты";"Дата операции";"Сумма операции";"Валюта операции";"Сумма в валюте счёта";"Валюта счёта";"Статус";"Категория по-умолчанию";"Ваша категория";"MCC";"Описание";"Сообщение";"Округление";"Сумма операции с округлением";"Бонусы (включая кэшбэк)";"Учёт в аналитике"
"Общий счёт";"*7478";"28.09.2026 11:34:09";"-460,00";"RUB";"-460,00";"RUB";"Ок";"Рестораны";"";"5812";"Горница";"";"0,00";"-460,00";"23,00";"Да"
"Общий счёт";"*7478";"28.09.2026 11:13:43";"-3500,00";"RUB";"-3500,00";"RUB";"Ок";"Медицина";"";"8011";"Клинико-диагностический центр 24";"";"0,00";"-3500,00";"35,00";"Да"
"Общий счёт";"*7478";"28.09.2026 09:58:07";"-2000,00";"RUB";"-2000,00";"RUB";"Ок";"Переводы";"";"";"Мария Ш.";"От Аллы Филипповой";"0,00";"-2000,00";"0,00";"Да"
"Общий счёт";"";"27.09.2026 22:30:07";"2818,60";"RUB";"2818,60";"RUB";"Ок";"Бонусы";"";"";"Зачисление кэшбэка";"";"0,00";"2818,60";"0,00";"Да"
"Общий счёт";"*7478";"27.09.2026 14:48:40";"-1813,00";"RUB";"-1813,00";"RUB";"Ок";"Фастфуд";"";"5814";"Яндекс Еда";"";"0,00";"-1813,00";"18,00";"Да"
"Общий счёт";"";"27.09.2026 14:35:30";"-2201,80";"RUB";"-2201,80";"RUB";"Ок";"Заправки";"";"3992";"Газпромнефть";"";"0,00";"-2201,80";"22,00";"Да"
"Общий счёт";"";"27.09.2026 13:00:05";"-18877,00";"RUB";"-18877,00";"RUB";"Ок";"Ремонт и мебель";"";"5712";"Мебельный магазин";"";"0,00";"-18877,00";"188,00";"Да"
"Общий счёт";"";"27.09.2026 11:37:27";"-384,00";"RUB";"-384,00";"RUB";"Ок";"Фастфуд";"";"5814";"Вкусно — и точка";"";"0,00";"-384,00";"3,00";"Да"
"Общий счёт";"";"27.09.2026 11:29:20";"-2170,00";"RUB";"-2170,00";"RUB";"Ок";"Автоуслуги";"";"7538";"IP Koval Vs";"";"0,00";"-2170,00";"21,00";"Да"
"Общий счёт";"*7478";"26.09.2026 20:24:09";"-7200,00";"RUB";"-7200,00";"RUB";"Ок";"Переводы";"";"";"Между своими счетами";"";"0,00";"-7200,00";"0,00";"Нет"
"Общий счёт";"";"26.09.2026 18:44:12";"-105,00";"RUB";"-105,00";"RUB";"Ок";"Ремонт и мебель";"";"5200";"Molotok";"";"0,00";"-105,00";"1,00";"Да"
"Общий счёт";"";"26.09.2026 14:30:04";"3888,00";"RUB";"3888,00";"RUB";"Ок";"Цифровые товары";"";"5817";"paperturbo";"";"0,00";"3888,00";"-38,00";"Нет"
"Общий счёт";"";"26.09.2026 13:41:37";"-200,00";"RUB";"-200,00";"RUB";"Ок";"Переводы";"";"";"Дмитрий О.";"";"0,00";"-200,00";"0,00";"Да"
"Общий счёт";"*7478";"26.09.2026 12:00:04";"-764,00";"RUB";"-764,00";"RUB";"Ок";"Фастфуд";"";"5814";"Буханка";"";"0,00";"-764,00";"7,00";"Да"
"Общий счёт";"";"26.09.2026 11:56:35";"-5000,00";"RUB";"-5000,00";"RUB";"Ок";"Медицина";"";"8031";"Klinika Doka";"";"0,00";"-5000,00";"50,00";"Да"
"Общий счёт";"*7478";"26.09.2026 11:36:49";"-5000,00";"RUB";"-5000,00";"RUB";"Ок";"Медицина";"";"8031";"Klinika Doka";"";"0,00";"-5000,00";"50,00";"Да"
"Общий счёт";"*7478";"25.09.2026 19:43:30";"-1776,00";"RUB";"-1776,00";"RUB";"Ок";"Фастфуд";"";"5814";"Додо Пицца";"";"0,00";"-1776,00";"17,00";"Да"
"Общий счёт";"*7478";"25.09.2026 18:57:26";"-9137,96";"RUB";"-9137,96";"RUB";"Ок";"Супермаркеты";"";"5411";"Ашан";"";"0,00";"-9137,96";"91,00";"Да"
"Общий счёт";"*7478";"25.09.2026 15:17:59";"-4200,00";"RUB";"-4200,00";"RUB";"Ок";"Красота";"";"7230";"CHOOSE ME";"";"0,00";"-4200,00";"210,00";"Да"
"Общий счёт";"*7478";"25.09.2026 12:37:59";"-1813,00";"RUB";"-1813,00";"RUB";"Ок";"Фастфуд";"";"5814";"Яндекс Еда";"";"0,00";"-1813,00";"18,00";"Да"
"Общий счёт";"";"25.09.2026 11:51:36";"100000,00";"RUB";"100000,00";"RUB";"Ок";"Переводы";"";"";"Вадим Ф.";"";"0,00";"100000,00";"0,00";"Да"
"Общий счёт";"*7478";"25.09.2026 08:11:39";"-1330,00";"RUB";"-1330,00";"RUB";"Ок";"Супермаркеты";"";"5411";"Яндекс Лавка";"";"0,00";"-1330,00";"13,00";"Да"
"Общий счёт";"";"24.09.2026 18:48:44";"-2734,00";"RUB";"-2734,00";"RUB";"Ок";"Переводы";"";"";"Вадим Ф.";"";"0,00";"-2734,00";"0,00";"Да"
"Общий счёт";"*7478";"24.09.2026 18:23:25";"-1163,00";"RUB";"-1163,00";"RUB";"Ок";"Аптеки";"";"5912";"Аптека";"";"0,00";"-1163,00";"11,00";"Да"
"Общий счёт";"*7478";"24.09.2026 16:03:50";"-4500,00";"RUB";"-4500,00";"RUB";"Ок";"Медицина";"";"8062";"Klinika Fomina 1905";"";"0,00";"-4500,00";"45,00";"Да"
"Общий счёт";"";"24.09.2026 15:11:37";"-2469,00";"RUB";"-2469,00";"RUB";"Ок";"Ремонт и мебель";"";"5200";"Molotok";"";"0,00";"-2469,00";"24,00";"Да"
"Общий счёт";"*7478";"24.09.2026 14:09:49";"-500,00";"RUB";"-500,00";"RUB";"Ок";"Местный транспорт";"";"4111";"Московский метрополитен";"";"0,00";"-500,00";"5,00";"Да"
"Общий счёт";"*7478";"24.09.2026 12:41:28";"-1512,00";"RUB";"-1512,00";"RUB";"Ок";"Фастфуд";"";"5814";"Яндекс Еда";"";"0,00";"-1512,00";"15,00";"Да"
"Общий счёт";"*7478";"24.09.2026 11:00:21";"-4500,00";"RUB";"-4500,00";"RUB";"Ок";"Искусство";"";"7922";"INTIKETS1";"";"0,00";"-4500,00";"0,00";"Да"
"Общий счёт";"*7478";"24.09.2026 09:49:19";"-4000,00";"RUB";"-4000,00";"RUB";"Ок";"Переводы";"";"";"Вадим Ф.";"";"0,00";"-4000,00";"0,00";"Да"
"Общий счёт";"";"24.09.2026 08:35:04";"-453,00";"RUB";"-453,00";"RUB";"Ок";"Фастфуд";"";"5814";"Вкусно — и точка";"";"0,00";"-453,00";"4,00";"Да"
"Общий счёт";"*7478";"24.09.2026 08:18:32";"-598,00";"RUB";"-598,00";"RUB";"Ок";"Аптеки";"";"5912";"Аптека";"";"0,00";"-598,00";"5,00";"Да"
"Общий счёт";"";"23.09.2026 19:15:51";"-550,00";"RUB";"-550,00";"RUB";"Ок";"Мобильная связь";"";"4814";"МегаФон";"";"0,00";"-550,00";"0,00";"Да"
"Общий счёт";"*7478";"23.09.2026 19:04:33";"-620,00";"RUB";"-620,00";"RUB";"Ок";"Платные дороги";"";"4784";"Объединённые системы сбора платы";"";"0,00";"-620,00";"6,00";"Да"
"Общий счёт";"";"23.09.2026 19:01:32";"-4271,00";"RUB";"-4271,00";"RUB";"Ок";"Заправки";"";"5541";"ЛУКОЙЛ";"";"0,00";"-4271,00";"42,00";"Да"
"Общий счёт";"";"23.09.2026 18:25:26";"-656,00";"RUB";"-656,00";"RUB";"Ок";"Фастфуд";"";"5814";"Вкусно — и точка";"";"0,00";"-656,00";"6,00";"Да"
"Общий счёт";"";"23.09.2026 16:05:25";"53000,00";"RUB";"53000,00";"RUB";"Ок";"Переводы";"";"";"Между своими счетами";"";"0,00";"53000,00";"0,00";"Нет"
"Общий счёт";"*7478";"23.09.2026 12:22:06";"-2490,00";"RUB";"-2490,00";"RUB";"Ок";"Супермаркеты";"";"5411";"Самокат";"";"0,00";"-2490,00";"24,00";"Да"
"Общий счёт";"";"23.09.2026 11:45:16";"2500,00";"RUB";"2500,00";"RUB";"Ок";"Переводы";"";"";"Вадим Ф.";"";"0,00";"2500,00";"0,00";"Да"
"Общий счёт";"*7478";"22.09.2026 12:56:20";"-907,95";"RUB";"-907,95";"RUB";"Ок";"Супермаркеты";"";"5411";"Перекрёсток";"";"0,00";"-907,95";"9,00";"Да"
"Общий счёт";"*7478";"21.09.2026 13:28:54";"-1561,00";"RUB";"-1561,00";"RUB";"Ок";"Фастфуд";"";"5814";"Яндекс Еда";"";"0,00";"-1561,00";"15,00";"Да"
"Общий счёт";"";"21.09.2026 08:46:15";"-942,00";"RUB";"-942,00";"RUB";"Ок";"Фастфуд";"";"5814";"Вкусно — и точка";"";"0,00";"-942,00";"9,00";"Да"
"Общий счёт";"";"21.09.2026 08:26:02";"-65,00";"RUB";"-65,00";"RUB";"Ок";"Ремонт и мебель";"";"5200";"Molotok";"";"0,00";"-65,00";"0,00";"Да"
"Общий счёт";"*7478";"20.09.2026 18:37:16";"-1823,00";"RUB";"-1823,00";"RUB";"Ок";"Супермаркеты";"";"5411";"Яндекс Лавка";"";"0,00";"-1823,00";"18,00";"Да"
"Общий счёт";"*7478";"20.09.2026 15:56:25";"-1199,00";"RUB";"-1199,00";"RUB";"Ок";"Детские товары";"";"5945";"Детский Мир";"";"0,00";"-1199,00";"11,00";"Да"
"Общий счёт";"*7478";"20.09.2026 13:38:46";"-1561,00";"RUB";"-1561,00";"RUB";"Ок";"Фастфуд";"";"5814";"Яндекс Еда";"";"0,00";"-1561,00";"15,00";"Да"
"Общий счёт";"*7478";"20.09.2026 13:21:25";"-1080,00";"RUB";"-1080,00";"RUB";"Ок";"Супермаркеты";"";"5499";"IP Gerasimenko A.I.";"";"0,00";"-1080,00";"10,00";"Да"
"Общий счёт";"*7478";"20.09.2026 13:18:22";"-300,00";"RUB";"-300,00";"RUB";"Ок";"Переводы";"";"";"Алла Ф.";"";"0,00";"-300,00";"0,00";"Да"
"Общий счёт";"*7478";"20.09.2026 12:57:42";"-1064,00";"RUB";"-1064,00";"RUB";"Ок";"Аптеки";"";"5912";"Аптека";"";"0,00";"-1064,00";"10,00";"Да"
"Общий счёт";"*7478";"20.09.2026 12:51:54";"-7000,00";"RUB";"-7000,00";"RUB";"Ок";"Медицина";"";"8031";"Klinika Doka";"";"0,00";"-7000,00";"70,00";"Да"
"Общий счёт";"";"20.09.2026 12:22:50";"-4050,00";"RUB";"-4050,00";"RUB";"Ок";"Медицина";"";"8031";"КЛИНИКА ДОКА_SBP";"";"0,00";"-4050,00";"40,00";"Да"
"Общий счёт";"";"20.09.2026 12:22:20";"-4050,00";"RUB";"-4050,00";"RUB";"Ок";"Медицина";"";"8031";"КЛИНИКА ДОКА_SBP";"";"0,00";"-4050,00";"40,00";"Да"
"Общий счёт";"*7478";"20.09.2026 11:18:55";"-760,00";"RUB";"-760,00";"RUB";"Ок";"Фастфуд";"";"5814";"ГринЛатте";"";"0,00";"-760,00";"7,00";"Да"
"Общий счёт";"*7478";"20.09.2026 11:00:39";"-349,00";"RUB";"-349,00";"RUB";"Ок";"Сервис";"";"4215";"СДЭК";"";"0,00";"-349,00";"0,00";"Да"
"Общий счёт";"*7478";"19.09.2026 22:27:27";"-800,00";"RUB";"-800,00";"RUB";"Ок";"Рестораны";"";"5812";"Квартира";"";"0,00";"-800,00";"40,00";"Да"
"Общий счёт";"";"19.09.2026 15:15:52";"-890,00";"RUB";"-890,00";"RUB";"Ок";"Автоуслуги";"";"7542";"OOO Alyans Avto";"";"0,00";"-890,00";"8,00";"Да"
"Общий счёт";"*7478";"19.09.2026 15:06:52";"-10865,00";"RUB";"-10865,00";"RUB";"Ок";"Одежда и обувь";"";"5651";"Familia";"";"0,00";"-10865,00";"108,00";"Да"
"Общий счёт";"";"19.09.2026 14:40:51";"-3300,00";"RUB";"-3300,00";"RUB";"Ок";"Красота";"";"7230";"Evo_Barbershop_Brobar";"";"0,00";"-3300,00";"165,00";"Да"
"Общий счёт";"";"19.09.2026 13:20:29";"-329,00";"RUB";"-329,00";"RUB";"Ок";"Фото и копицентры";"";"7395";"Boft";"";"0,00";"-329,00";"3,00";"Да"
"Общий счёт";"";"19.09.2026 13:18:38";"-1614,94";"RUB";"-1614,94";"RUB";"Ок";"Фастфуд";"";"5814";"Бургер Кинг";"";"0,00";"-1614,94";"16,00";"Да"
"Общий счёт";"*7478";"19.09.2026 12:41:02";"-320,00";"RUB";"-320,00";"RUB";"Ок";"Платные дороги";"";"4784";"Объединённые системы сбора платы";"";"0,00";"-320,00";"3,00";"Да"
"Общий счёт";"*7478";"19.09.2026 11:29:00";"-1000,00";"RUB";"-1000,00";"RUB";"Ок";"Фастфуд";"";"5814";"Out-Bar Impresso";"";"0,00";"-1000,00";"10,00";"Да"
"Общий счёт";"*7478";"19.09.2026 09:11:55";"-320,00";"RUB";"-320,00";"RUB";"Ок";"Платные дороги";"";"4784";"Объединённые системы сбора платы";"";"0,00";"-320,00";"3,00";"Да"
"Общий счёт";"*7478";"18.09.2026 19:25:49";"-1636,00";"RUB";"-1636,00";"RUB";"Ок";"Фастфуд";"";"5814";"Додо Пицца";"";"0,00";"-1636,00";"16,00";"Да"
"Общий счёт";"*7478";"18.09.2026 19:19:31";"-8194,00";"RUB";"-8194,00";"RUB";"Ок";"Одежда и обувь";"";"5651";"Familia";"";"0,00";"-8194,00";"81,00";"Да"
"Общий счёт";"*7478";"18.09.2026 14:40:45";"-1603,00";"RUB";"-1603,00";"RUB";"Ок";"Супермаркеты";"";"5411";"Яндекс Лавка";"";"0,00";"-1603,00";"16,00";"Да"
"Общий счёт";"*7478";"18.09.2026 11:10:57";"-2285,00";"RUB";"-2285,00";"RUB";"Ок";"Супермаркеты";"";"5411";"Самокат";"";"0,00";"-2285,00";"22,00";"Да"
"Общий счёт";"";"17.09.2026 22:07:55";"-407,00";"RUB";"-407,00";"RUB";"Ок";"Переводы";"";"";"Вадим Ф.";"";"0,00";"-407,00";"0,00";"Да"
"Общий счёт";"";"17.09.2026 19:12:56";"-680,00";"RUB";"-680,00";"RUB";"Ок";"Платные дороги";"";"4784";"Объединённые системы сбора платы";"";"0,00";"-680,00";"6,00";"Да"
"Общий счёт";"";"17.09.2026 19:09:51";"-3805,00";"RUB";"-3805,00";"RUB";"Ок";"Заправки";"";"5541";"ЛУКОЙЛ";"";"0,00";"-3805,00";"38,00";"Да"
"Общий счёт";"";"17.09.2026 14:05:36";"11,00";"RUB";"11,00";"RUB";"Ок";"Финансы";"";"6538";"Отмена операции в других кредитных организациях. YandexBank_C2A2 g. Moskva RUS";"";"0,00";"11,00";"0,00";"Нет"
"Общий счёт";"";"17.09.2026 13:56:28";"-1536,00";"RUB";"-1536,00";"RUB";"Ок";"Финансы";"";"6538";"Операция в других кредитных организациях YandexBank_C2A g. Moskva RUS";"";"0,00";"-1536,00";"0,00";"Да"
"Общий счёт";"";"17.09.2026 13:55:49";"-11,00";"RUB";"-11,00";"RUB";"Ок";"Финансы";"";"6538";"Операция в других кредитных организациях. YandexBank_C2A2 g. Moskva RUS";"";"0,00";"-11,00";"0,00";"Нет"
"Общий счёт";"";"17.09.2026 08:08:19";"-942,00";"RUB";"-942,00";"RUB";"Ок";"Фастфуд";"";"5814";"Вкусно — и точка";"";"0,00";"-942,00";"9,00";"Да"
"Общий счёт";"*7478";"16.09.2026 19:07:45";"-1347,00";"RUB";"-1347,00";"RUB";"Ок";"Супермаркеты";"";"5411";"Самокат";"";"0,00";"-1347,00";"13,00";"Да"
"Общий счёт";"";"16.09.2026 18:02:53";"-407,00";"RUB";"-407,00";"RUB";"Ок";"Переводы";"";"";"Вадим Ф.";"";"0,00";"-407,00";"0,00";"Да"
"Общий счёт";"";"16.09.2026 17:41:07";"-782,02";"RUB";"-782,02";"RUB";"Ок";"Переводы";"";"";"Вадим Ф.";"";"0,00";"-782,02";"0,00";"Да"
"Общий счёт";"*7478";"16.09.2026 13:17:22";"-1244,00";"RUB";"-1244,00";"RUB";"Ок";"Супермаркеты";"";"5411";"Самокат";"";"0,00";"-1244,00";"12,00";"Да"
"Общий счёт";"";"16.09.2026 11:53:21";"750,00";"RUB";"750,00";"RUB";"Ок";"Переводы";"";"";"Между своими счетами";"";"0,00";"750,00";"0,00";"Нет"
"Общий счёт";"*9125";"16.09.2026 11:53:04";"-1410,30";"RUB";"-1410,30";"RUB";"Ок";"Книги и канцтовары";"";"5942";"Литрес";"";"0,00";"-1410,30";"0,00";"Да"
"Общий счёт";"*9125";"16.09.2026 11:48:20";"-455,00";"RUB";"-455,00";"RUB";"Ок";"Книги и канцтовары";"";"5942";"Литрес";"";"0,00";"-455,00";"0,00";"Да"
"Общий счёт";"";"16.09.2026 08:29:21";"-5000,00";"RUB";"-5000,00";"RUB";"Ок";"Услуги банка";"";"9999";"Плата за выпуск карты в уникальном дизайне";"";"0,00";"-5000,00";"0,00";"Да"
"Общий счёт";"";"16.09.2026 06:39:24";"13800,00";"RUB";"13800,00";"RUB";"Ок";"Переводы";"";"";"Между своими счетами";"";"0,00";"13800,00";"0,00";"Нет"
"Общий счёт";"*9125";"15.09.2026 18:42:34";"-1128,40";"RUB";"-1128,40";"RUB";"Ок";"ЖКХ";"";"4900";"МосЭнергоСбыт";"";"0,00";"-1128,40";"0,00";"Да"
"Общий счёт";"";"15.09.2026 18:28:38";"-280000,00";"RUB";"-280000,00";"RUB";"Ок";"Переводы";"";"";"Перевод между счетами";"";"0,00";"-280000,00";"0,00";"Нет"
"Общий счёт";"*7478";"15.09.2026 17:19:00";"-658,00";"RUB";"-658,00";"RUB";"Ок";"Фастфуд";"";"5814";"Пекарня";"";"0,00";"-658,00";"6,00";"Да"
"Общий счёт";"*7478";"15.09.2026 15:35:30";"-652,00";"RUB";"-652,00";"RUB";"Ок";"Супермаркеты";"";"5411";"Самокат";"";"0,00";"-652,00";"6,00";"Да"
"Общий счёт";"";"15.09.2026 14:06:47";"280000,00";"RUB";"280000,00";"RUB";"Ок";"Пополнения";"";"";"Пополнение через ООО ""Банк Точка""";"";"0,00";"280000,00";"0,00";"Да"
"Общий счёт";"*9125";"15.09.2026 11:52:49";"-2839,46";"RUB";"-2839,46";"RUB";"Ок";"ЖКХ";"";"4900";"МосЭнергоСбыт";"";"0,00";"-2839,46";"0,00";"Да"
"Общий счёт";"*9125";"15.09.2026 11:27:20";"-12661,03";"RUB";"-12661,03";"RUB";"Ок";"Госуслуги";"";"4900";"Госуслуги Москвы";"";"0,00";"-12661,03";"0,00";"Да"
"Общий счёт";"*9125";"15.09.2026 11:26:23";"-11164,19";"RUB";"-11164,19";"RUB";"Ок";"Госуслуги";"";"4900";"Госуслуги Москвы";"";"0,00";"-11164,19";"0,00";"Да"
"Общий счёт";"";"15.09.2026 08:25:00";"-978,00";"RUB";"-978,00";"RUB";"Ок";"Фастфуд";"";"5814";"Вкусно — и точка";"";"0,00";"-978,00";"9,00";"Да"
"Общий счёт";"";"14.09.2026 22:50:12";"-1217,00";"RUB";"-1217,00";"RUB";"Ок";"Ремонт и мебель";"";"5200";"Лемана ПРО";"";"0,00";"-1217,00";"12,00";"Да"
"Общий счёт";"*7478";"14.09.2026 22:14:02";"-1077,00";"RUB";"-1077,00";"RUB";"Ок";"Супермаркеты";"";"5411";"Самокат";"";"0,00";"-1077,00";"10,00";"Да"
"Общий счёт";"*9125";"14.09.2026 18:44:09";"-540,00";"RUB";"-540,00";"RUB";"Ок";"Супермаркеты";"";"5499";"Снежная Крепость";"";"0,00";"-540,00";"5,00";"Да"
"Общий счёт";"";"14.09.2026 18:18:35";"-250,00";"RUB";"-250,00";"RUB";"Ок";"Фастфуд";"";"5814";"Кафе-кондитерская Русский Лес";"";"0,00";"-250,00";"2,00";"Да"
"Общий счёт";"*7478";"14.09.2026 17:16:35";"-359,00";"RUB";"-359,00";"RUB";"Ок";"Детские товары";"";"5641";"Magazin Sloniki";"";"0,00";"-359,00";"3,00";"Да"
"Общий счёт";"*7478";"14.09.2026 17:11:45";"-458,00";"RUB";"-458,00";"RUB";"Ок";"Детские товары";"";"5641";"Magazin Sloniki";"";"0,00";"-458,00";"4,00";"Да"
"Общий счёт";"*9125";"14.09.2026 16:49:57";"-2266,00";"RUB";"-2266,00";"RUB";"Ок";"Аптеки";"";"5912";"Аптека";"";"0,00";"-2266,00";"22,00";"Да"
"Общий счёт";"";"14.09.2026 15:50:54";"-3000,00";"RUB";"-3000,00";"RUB";"Ок";"Переводы";"";"";"Владимир П.";"";"0,00";"-3000,00";"0,00";"Да"
"Общий счёт";"";"14.09.2026 13:29:51";"-1116,00";"RUB";"-1116,00";"RUB";"Ок";"Финансы";"";"6538";"Операция в других кредитных организациях YANDEXBANK_C2A G. MOSKVA RUS";"";"0,00";"-1116,00";"0,00";"Да"
"Общий счёт";"";"14.09.2026 08:31:34";"-978,00";"RUB";"-978,00";"RUB";"Ок";"Фастфуд";"";"5814";"Вкусно — и точка";"";"0,00";"-978,00";"9,00";"Да"
"Общий счёт";"";"13.09.2026 15:03:17";"-3888,00";"RUB";"-3888,00";"RUB";"Ок";"Цифровые товары";"";"5817";"paperturbo";"";"0,00";"-3888,00";"38,00";"Нет"
"Общий счёт";"*7478";"13.09.2026 13:06:25";"-1046,00";"RUB";"-1046,00";"RUB";"Ок";"Фастфуд";"";"5814";"Яндекс Еда";"";"0,00";"-1046,00";"10,00";"Да"
"Общий счёт";"*7478";"13.09.2026 08:39:28";"-2221,00";"RUB";"-2221,00";"RUB";"Ок";"Супермаркеты";"";"5411";"Самокат";"";"0,00";"-2221,00";"22,00";"Да"
"Общий счёт";"*9125";"13.09.2026 08:32:24";"-2300,00";"RUB";"-2300,00";"RUB";"Ок";"Переводы";"";"";"Алла Ф.";"";"0,00";"-2300,00";"0,00";"Да"
"Общий счёт";"*7478";"12.09.2026 18:09:40";"-290,00";"RUB";"-290,00";"RUB";"Ок";"Фастфуд";"";"5814";"Sp_IP Safronova A.D";"";"0,00";"-290,00";"2,00";"Да"
"Общий счёт";"";"12.09.2026 16:02:36";"-339,99";"RUB";"-339,99";"RUB";"Ок";"Супермаркеты";"";"5921";"ВинЛаб";"";"0,00";"-339,99";"3,00";"Да"
"Общий счёт";"";"12.09.2026 11:56:30";"-2500,00";"RUB";"-2500,00";"RUB";"Ок";"Фастфуд";"";"5814";"Out-Bar Impresso";"";"0,00";"-2500,00";"25,00";"Да"
"Общий счёт";"";"12.09.2026 09:58:43";"-320,00";"RUB";"-320,00";"RUB";"Ок";"Платные дороги";"";"4784";"Объединённые системы сбора платы";"";"0,00";"-320,00";"3,00";"Да"
"Общий счёт";"";"12.09.2026 08:06:43";"5300,00";"RUB";"5300,00";"RUB";"Ок";"Переводы";"";"";"Между своими счетами";"";"0,00";"5300,00";"0,00";"Нет"
"Общий счёт";"*7478";"12.09.2026 08:05:28";"-1923,00";"RUB";"-1923,00";"RUB";"Ок";"Супермаркеты";"";"5411";"Яндекс Лавка";"";"0,00";"-1923,00";"19,00";"Да"
"Общий счёт";"*9125";"11.09.2026 18:47:59";"-4769,00";"RUB";"-4769,00";"RUB";"Ок";"Цветы";"";"5992";"Флаувау";"";"0,00";"-4769,00";"0,00";"Да"
"Общий счёт";"*9125";"11.09.2026 18:39:15";"-3799,00";"RUB";"-3799,00";"RUB";"Ок";"Цветы";"";"5992";"Флаувау";"";"0,00";"-3799,00";"0,00";"Да"
"Общий счёт";"*7478";"11.09.2026 18:23:44";"-1795,00";"RUB";"-1795,00";"RUB";"Ок";"Фастфуд";"";"5814";"Додо Пицца";"";"0,00";"-1795,00";"17,00";"Да"
"Общий счёт";"*9125";"11.09.2026 15:57:51";"-15362,00";"RUB";"-15362,00";"RUB";"Ок";"Одежда и обувь";"";"5651";"Familia";"";"0,00";"-15362,00";"153,00";"Да"
"Общий счёт";"";"11.09.2026 13:19:01";"-1260,00";"RUB";"-1260,00";"RUB";"Ок";"Финансы";"";"6538";"Операция в других кредитных организациях YANDEXBANK_C2A G. MOSKVA RUS";"";"0,00";"-1260,00";"0,00";"Да"
"Общий счёт";"*9125";"10.09.2026 19:56:38";"-3100,00";"RUB";"-3100,00";"RUB";"Ок";"Переводы";"";"";"Алла Ф.";"";"0,00";"-3100,00";"0,00";"Да"
"Общий счёт";"*7478";"10.09.2026 19:51:21";"-1601,00";"RUB";"-1601,00";"RUB";"Ок";"Супермаркеты";"";"5411";"Яндекс Лавка";"";"0,00";"-1601,00";"16,00";"Да"
"Общий счёт";"";"10.09.2026 19:44:01";"-3884,78";"RUB";"-3884,78";"RUB";"Ок";"Заправки";"";"5541";"Газпромнефть";"";"0,00";"-3884,78";"38,00";"Да"
"Общий счёт";"";"10.09.2026 18:24:34";"-803,00";"RUB";"-803,00";"RUB";"Ок";"Фастфуд";"";"5814";"Вкусно — и точка";"";"0,00";"-803,00";"8,00";"Да"
"Общий счёт";"";"10.09.2026 17:41:57";"130000,00";"RUB";"130000,00";"RUB";"Ок";"Переводы";"";"";"Вадим Ф.";"";"0,00";"130000,00";"0,00";"Да"
"Общий счёт";"*9125";"10.09.2026 16:39:48";"-16560,00";"RUB";"-16560,00";"RUB";"Ок";"Переводы";"";"";"Екатерина Г.";"";"0,00";"-16560,00";"0,00";"Да"
"Общий счёт";"*7478";"10.09.2026 14:29:18";"-1466,00";"RUB";"-1466,00";"RUB";"Ок";"Фастфуд";"";"5814";"Яндекс Еда";"";"0,00";"-1466,00";"14,00";"Да"
"Общий счёт";"";"10.09.2026 08:11:24";"-942,00";"RUB";"-942,00";"RUB";"Ок";"Фастфуд";"";"5814";"Вкусно — и точка";"";"0,00";"-942,00";"9,00";"Да"
"Общий счёт";"";"09.09.2026 22:06:21";"-293,00";"RUB";"-293,00";"RUB";"Ок";"Мобильная связь";"";"";"Т-Мобайл +7 909 695-29-88";"";"0,00";"-293,00";"0,00";"Да"
"Общий счёт";"";"09.09.2026 18:19:54";"-692,00";"RUB";"-692,00";"RUB";"Ок";"Фастфуд";"";"5814";"Вкусно — и точка";"";"0,00";"-692,00";"6,00";"Да"
"Общий счёт";"*7478";"09.09.2026 13:32:52";"-1309,00";"RUB";"-1309,00";"RUB";"Ок";"Фастфуд";"";"5814";"Яндекс Еда";"";"0,00";"-1309,00";"13,00";"Да"
"Общий счёт";"*9125";"09.09.2026 11:41:08";"-3392,86";"RUB";"-3392,86";"RUB";"Ок";"Госуслуги";"";"9399";"Госуслуги Москвы";"";"0,00";"-3392,86";"0,00";"Да"
"Общий счёт";"*9125";"09.09.2026 11:40:21";"-3392,86";"RUB";"-3392,86";"RUB";"Ок";"Госуслуги";"";"9399";"Госуслуги Москвы";"";"0,00";"-3392,86";"0,00";"Да"
"Общий счёт";"*9125";"08.09.2026 14:54:15";"-13280,00";"RUB";"-13280,00";"RUB";"Ок";"Аптеки";"";"5912";"Аптеки Столички";"";"0,00";"-13280,00";"132,00";"Да"
"Общий счёт";"*9125";"08.09.2026 14:52:40";"-205,00";"RUB";"-205,00";"RUB";"Ок";"Фастфуд";"";"5814";"Хлеб в большом городе";"";"0,00";"-205,00";"2,00";"Да"
"Общий счёт";"";"08.09.2026 14:43:19";"3500,00";"RUB";"3500,00";"RUB";"Ок";"Переводы";"";"";"Между своими счетами";"";"0,00";"3500,00";"0,00";"Нет"
"Общий счёт";"";"08.09.2026 14:42:54";"57000,00";"RUB";"57000,00";"RUB";"Ок";"Переводы";"";"";"Между своими счетами";"";"0,00";"57000,00";"0,00";"Нет"
"Общий счёт";"";"08.09.2026 14:38:20";"-206,00";"RUB";"-206,00";"RUB";"Ок";"Ремонт и мебель";"";"5200";"Лемана ПРО";"";"0,00";"-206,00";"2,00";"Да"
"Общий счёт";"*9125";"08.09.2026 11:30:55";"-2200,00";"RUB";"-2200,00";"RUB";"Ок";"Переводы";"";"";"Алла Ф.";"";"0,00";"-2200,00";"0,00";"Да"
"Общий счёт";"";"08.09.2026 11:27:48";"3500,00";"RUB";"3500,00";"RUB";"Ок";"Переводы";"";"";"Вадим Ф.";"";"0,00";"3500,00";"0,00";"Да"
"Общий счёт";"*9125";"08.09.2026 11:27:27";"-3500,00";"RUB";"-3500,00";"RUB";"Ок";"Переводы";"";"";"Оксана Н.";"";"0,00";"-3500,00";"0,00";"Да"
"Общий счёт";"*9125";"08.09.2026 08:40:58";"-438,00";"RUB";"-438,00";"RUB";"Ок";"Супермаркеты";"";"5411";"Перекрёсток";"";"0,00";"-438,00";"4,00";"Да"
"Общий счёт";"*9125";"08.09.2026 08:37:43";"-2549,84";"RUB";"-2549,84";"RUB";"Ок";"Супермаркеты";"";"5411";"Перекрёсток";"";"0,00";"-2549,84";"25,00";"Да"
"Общий счёт";"";"07.09.2026 18:53:02";"-420,00";"RUB";"-420,00";"RUB";"Ок";"Фастфуд";"";"5814";"Вкусно — и точка";"";"0,00";"-420,00";"0,00";"Да"
"Общий счёт";"*9125";"07.09.2026 17:22:24";"-6500,00";"RUB";"-6500,00";"RUB";"Ок";"Переводы";"";"";"Алла Ф.";"";"0,00";"-6500,00";"0,00";"Да"
"Общий счёт";"*7478";"07.09.2026 15:26:15";"-1225,00";"RUB";"-1225,00";"RUB";"Ок";"Фастфуд";"";"5814";"Яндекс Еда";"";"0,00";"-1225,00";"0,00";"Да"
"Общий счёт";"";"07.09.2026 15:15:18";"-125,00";"RUB";"-125,00";"RUB";"Ок";"Ремонт и мебель";"";"5200";"Лемана ПРО";"";"0,00";"-125,00";"0,00";"Да"
"Общий счёт";"*9125";"07.09.2026 12:31:57";"-940,00";"RUB";"-940,00";"RUB";"Ок";"Ремонт и мебель";"";"5200";"Лемана ПРО";"";"0,00";"-940,00";"37,60";"Да"
"Общий счёт";"*9125";"07.09.2026 08:15:05";"-978,00";"RUB";"-978,00";"RUB";"Ок";"Фастфуд";"";"5814";"Вкусно — и точка";"";"0,00";"-978,00";"0,00";"Да"
"Общий счёт";"";"06.09.2026 21:15:22";"-2684,56";"RUB";"-2684,56";"RUB";"Ок";"Заправки";"";"5541";"Газпромнефть";"";"0,00";"-2684,56";"0,00";"Да"
"Общий счёт";"*9125";"06.09.2026 17:57:50";"-199,00";"RUB";"-199,00";"RUB";"Ок";"Супермаркеты";"";"5499";"Stardogs";"";"0,00";"-199,00";"0,00";"Да"
"Общий счёт";"";"06.09.2026 15:56:04";"-1886,00";"RUB";"-1886,00";"RUB";"Ок";"Фастфуд";"";"5814";"Яндекс Еда";"";"0,00";"-1886,00";"0,00";"Да"
"Общий счёт";"*7478";"06.09.2026 10:32:54";"-2949,00";"RUB";"-2949,00";"RUB";"Ок";"Супермаркеты";"";"5411";"Самокат";"";"0,00";"-2949,00";"0,00";"Да"
"Общий счёт";"*7478";"05.09.2026 22:11:32";"-1106,00";"RUB";"-1106,00";"RUB";"Ок";"Супермаркеты";"";"5411";"Яндекс Лавка";"";"0,00";"-1106,00";"0,00";"Да"
"Общий счёт";"*9125";"05.09.2026 20:03:59";"-716,00";"RUB";"-716,00";"RUB";"Ок";"Переводы";"";"";"Алла Ф.";"";"0,00";"-716,00";"0,00";"Да"
"Общий счёт";"*9125";"05.09.2026 20:03:05";"-1548,00";"RUB";"-1548,00";"RUB";"Ок";"Аптеки";"";"5912";"Аптека";"";"0,00";"-1548,00";"0,00";"Да"
"Общий счёт";"";"05.09.2026 19:37:16";"-729,00";"RUB";"-729,00";"RUB";"Ок";"Фастфуд";"";"5814";"Вкусно — и точка";"";"0,00";"-729,00";"0,00";"Да"
"Общий счёт";"*7478";"05.09.2026 19:21:24";"-1458,00";"RUB";"-1458,00";"RUB";"Ок";"Ремонт и мебель";"";"5200";"Лемана ПРО";"";"0,00";"-1458,00";"0,00";"Да"
"Общий счёт";"";"05.09.2026 18:09:01";"-2000,00";"RUB";"-2000,00";"RUB";"Ок";"Переводы";"";"";"ГСК №2 ""МЕТЕОР""";"";"0,00";"-2000,00";"0,00";"Да"
"Общий счёт";"*7478";"05.09.2026 11:09:09";"-1780,00";"RUB";"-1780,00";"RUB";"Ок";"Развлечения";"";"7996";"Индиго Терра";"";"0,00";"-1780,00";"0,00";"Да"
"Общий счёт";"*7478";"05.09.2026 10:55:24";"-1600,00";"RUB";"-1600,00";"RUB";"Ок";"Тренировки";"";"7997";"Evo_Crazy-Cart";"";"0,00";"-1600,00";"0,00";"Да"
"Общий счёт";"";"05.09.2026 09:45:50";"-606,00";"RUB";"-606,00";"RUB";"Ок";"Переводы";"";"";"Вадим Ф.";"";"0,00";"-606,00";"0,00";"Да"
"Общий счёт";"*9125";"04.09.2026 18:30:35";"-1155,00";"RUB";"-1155,00";"RUB";"Ок";"Фастфуд";"";"5814";"Серджио Пицца";"";"0,00";"-1155,00";"0,00";"Да"
"Общий счёт";"";"04.09.2026 16:47:55";"-1403,00";"RUB";"-1403,00";"RUB";"Ок";"Фастфуд";"";"5814";"Вкусно — и точка";"";"0,00";"-1403,00";"0,00";"Да"
"Общий счёт";"*7478";"04.09.2026 14:25:09";"-5000,00";"RUB";"-5000,00";"RUB";"Ок";"Медицина";"";"8062";"Klinika Fomina 1905";"";"0,00";"-5000,00";"0,00";"Да"
"Общий счёт";"*9125";"04.09.2026 07:42:55";"-620,00";"RUB";"-620,00";"RUB";"Ок";"Переводы";"";"";"Алла Ф.";"";"0,00";"-620,00";"0,00";"Да"
"Общий счёт";"*7478";"04.09.2026 07:42:11";"-2053,00";"RUB";"-2053,00";"RUB";"Ок";"Супермаркеты";"";"5411";"Самокат";"";"0,00";"-2053,00";"0,00";"Да"
"Общий счёт";"*7478";"03.09.2026 18:40:42";"-290,00";"RUB";"-290,00";"RUB";"Ок";"Фастфуд";"";"5814";"Sp_IP Safronova A.D";"";"0,00";"-290,00";"0,00";"Да"
"Общий счёт";"*9125";"03.09.2026 16:43:28";"-2100,00";"RUB";"-2100,00";"RUB";"Ок";"Переводы";"";"";"Алла Ф.";"";"0,00";"-2100,00";"0,00";"Да"
"Общий счёт";"";"03.09.2026 16:17:30";"-420,00";"RUB";"-420,00";"RUB";"Ок";"Фастфуд";"";"5814";"Вкусно — и точка";"";"0,00";"-420,00";"0,00";"Да"
"Общий счёт";"*7478";"03.09.2026 13:06:23";"-1309,00";"RUB";"-1309,00";"RUB";"Ок";"Фастфуд";"";"5814";"Яндекс Еда";"";"0,00";"-1309,00";"0,00";"Да"
"Общий счёт";"*7478";"03.09.2026 11:26:08";"-3200,00";"RUB";"-3200,00";"RUB";"Ок";"Одежда и обувь";"";"5621";"Магазин одежды и обуви";"";"0,00";"-3200,00";"0,00";"Да"
"Общий счёт";"*7478";"03.09.2026 11:16:11";"-4200,00";"RUB";"-4200,00";"RUB";"Ок";"Красота";"";"7230";"CHOOSE ME";"";"0,00";"-4200,00";"0,00";"Да"
"Общий счёт";"";"03.09.2026 09:48:34";"-280,00";"RUB";"-280,00";"RUB";"Ок";"Фастфуд";"";"5814";"Счастье есть";"";"0,00";"-280,00";"0,00";"Да"
"Общий счёт";"*9125";"02.09.2026 16:38:02";"-1500,00";"RUB";"-1500,00";"RUB";"Ок";"Переводы";"";"";"Алла Ф.";"";"0,00";"-1500,00";"0,00";"Да"
"Общий счёт";"*7478";"02.09.2026 16:27:29";"-1268,00";"RUB";"-1268,00";"RUB";"Ок";"Супермаркеты";"";"5411";"Торговая сеть Десяточка";"";"0,00";"-1268,00";"0,00";"Да"
"Общий счёт";"";"02.09.2026 16:17:21";"-1240,00";"RUB";"-1240,00";"RUB";"Ок";"Ремонт и мебель";"";"5200";"Хозтовары";"";"0,00";"-1240,00";"0,00";"Да"
"Общий счёт";"*7478";"02.09.2026 14:03:43";"-1309,00";"RUB";"-1309,00";"RUB";"Ок";"Фастфуд";"";"5814";"Яндекс Еда";"";"0,00";"-1309,00";"0,00";"Да"
"Общий счёт";"*9125";"02.09.2026 13:29:07";"-2300,00";"RUB";"-2300,00";"RUB";"Ок";"Переводы";"";"";"Дарья Е.";"";"0,00";"-2300,00";"0,00";"Да"
"Общий счёт";"*9125";"02.09.2026 10:48:12";"-22500,00";"RUB";"-22500,00";"RUB";"Ок";"Переводы";"";"";"Алена Т.";"";"0,00";"-22500,00";"0,00";"Да"
"Общий счёт";"";"01.09.2026 15:02:00";"-425,00";"RUB";"-425,00";"RUB";"Ок";"Фастфуд";"";"5814";"Хлеб в большом городе";"";"0,00";"-425,00";"0,00";"Да"
"Общий счёт";"";"01.09.2026 14:16:25";"-445,00";"RUB";"-445,00";"RUB";"Ок";"Такси";"";"4121";"Яндекс Такси";"";"0,00";"-445,00";"0,00";"Да"
"Общий счёт";"";"01.09.2026 08:26:38";"-978,00";"RUB";"-978,00";"RUB";"Ок";"Фастфуд";"";"5814";"Вкусно — и точка";"";"0,00";"-978,00";"0,00";"Да"
